{"fks": {"spine_fk": [[1.0, 1.1979560099462105e-07, -1.300789307379091e-07, 1.298868937738007e-06], [-1.1979547309692862e-07, -0.08216948062181473, -0.9966187477111816, 0.16525232791900635], [-1.3007895915961853e-07, 0.9966187477111816, -0.08216945827007294, 107.5562973022461], [0.0, 0.0, 0.0, 1.0]], "spine_fk.001": [[1.0, 1.1677398248366444e-07, -1.0885003121074988e-07, 3.5472648960421793e-06], [-1.1677396827280973e-07, 0.07015394419431686, -0.9975363612174988, 1.5160155296325684], [-1.0884998857818573e-07, 0.9975363612174988, 0.07015397399663925, 126.76314544677734], [0.0, 0.0, 0.0, 1.0]], "spine_fk.002": [[1.0, 1.1881094508225942e-07, -0.00018320787057746202, 3.5474995456752367e-06], [-0.00018121460743714124, 0.14775139093399048, -0.9890245795249939, 1.5160155296325684], [2.6951707695843652e-05, 0.9890245795249939, 0.14775146543979645, 126.76314544677734], [0.0, 0.0, 0.0, 1.0]], "spine_fk.003": [[0.9999999403953552, 1.2247073755133897e-07, -0.00024424667935818434, 5.141599103808403e-06], [-0.00024173637211788446, 0.14350098371505737, -0.989650309085846, 3.4979419708251953], [3.492842733976431e-05, 0.9896503686904907, 0.14350104331970215, 140.02984619140625], [0.0, 0.0, 0.0, 1.0]], "neck": [[1.0, 1.1773221331168315e-07, -1.44786525879681e-07, 7.170028311520582e-06], [-1.1769661512062157e-07, -0.20418809354305267, -0.9789316058158875, 5.874685764312744], [-1.4481548760159058e-07, 0.9789316654205322, -0.20418819785118103, 156.42098999023438], [0.0, 0.0, 0.0, 1.0]], "head": [[1.0, -5.329073482816067e-15, -1.4210854715202004e-14, 8.263848030765075e-06], [-1.4210856409267898e-14, -2.863846475520404e-07, -1.0, 3.977626323699951], [5.3290692476513305e-15, 1.0, -3.1950787615642184e-07, 165.5159912109375], [0.0, 0.0, 0.0, 1.0]], "shoulder.L": [[0.4467732012271881, 0.8817449808120728, 0.15139153599739075, 3.7819933891296387], [-0.8946473002433777, 0.4403335154056549, 0.07558443397283554, 2.7603938579559326], [-1.642902680032421e-05, -0.16921097040176392, 0.9855799078941345, 152.20120239257812], [0.0, 0.0, 0.0, 1.0]], "upper_arm_fk.L": [[-0.7612825036048889, 0.644839882850647, 0.06804941594600677, 17.70021629333496], [-0.027707654982805252, 0.07249992340803146, -0.9969836473464966, 9.711002349853516], [-0.6478284597396851, -0.7608716487884521, -0.037325866520404816, 149.5302276611328], [0.0, 0.0, 0.0, 1.0]], "forearm_fk.L": [[-0.6577219367027283, 0.7184913158416748, -0.22621288895606995, 37.264617919921875], [-0.16321827471256256, -0.4291149973869324, -0.8883806467056274, 11.910645484924316], [-0.735365092754364, -0.5473853945732117, 0.39950934052467346, 126.44542694091797], [0.0, 0.0, 0.0, 1.0]], "hand_fk.L": [[-0.6849344968795776, 0.6363981366157532, -0.35477137565612793, 56.646034240722656], [0.1104269027709961, -0.3906230926513672, -0.9139035940170288, 0.33520448207855225], [-0.720188319683075, -0.6651402711868286, 0.19727571308612823, 111.67964172363281], [0.0, 0.0, 0.0, 1.0]], "thumb.01.L": [[0.8114503026008606, 0.033460844308137894, 0.5834630131721497, 57.478004455566406], [-0.3053339719772339, -0.8269955515861511, 0.47207018733024597, -3.8766427040100098], [0.4983167052268982, -0.5612127184867859, -0.6608490943908691, 107.6390609741211], [0.0, 0.0, 0.0, 1.0]], "thumb.02.L": [[0.8151521682739258, 0.043498385697603226, 0.5776114463806152, 57.60748291015625], [-0.4348532557487488, -0.6127991080284119, 0.6598333716392517, -7.076842784881592], [0.38266122341156006, -0.7890408039093018, -0.48060914874076843, 105.46734619140625], [0.0, 0.0, 0.0, 1.0]], "thumb.03.L": [[0.7895945310592651, 0.04349835589528084, 0.6120856404304504, 57.784183502197266], [-0.46278905868530273, -0.6127989292144775, 0.640549898147583, -9.566130638122559], [0.4029479920864105, -0.7890411615371704, -0.4637320935726166, 102.26213073730469], [0.0, 0.0, 0.0, 1.0]], "f_index.01.L": [[0.5691725611686707, 0.38012075424194336, -0.7290754318237305, 63.042327880859375], [0.8210585117340088, -0.30983832478523254, 0.4794403314590454, -6.766392230987549], [-0.0436503142118454, -0.8714978694915771, -0.48845282196998596, 103.81494140625], [0.0, 0.0, 0.0, 1.0]], "f_index.02.L": [[0.5856640934944153, 0.2251368761062622, -0.7786598801612854, 64.6720962524414], [0.8100422620773315, -0.1966976672410965, 0.5523962378501892, -8.094827651977539], [-0.02879587560892105, -0.9542659521102905, -0.29756900668144226, 100.0783920288086], [0.0, 0.0, 0.0, 1.0]], "f_index.03.L": [[0.6029980778694153, 0.22513696551322937, -0.765315055847168, 65.4361572265625], [0.7974362969398499, -0.19669771194458008, 0.5704431533813477, -8.762374877929688], [-0.022107914090156555, -0.9542660713195801, -0.29814058542251587, 96.83980560302734], [0.0, 0.0, 0.0, 1.0]], "f_middle.01.L": [[0.3635398745536804, 0.4397899806499481, -0.8212330937385559, 64.49005889892578], [0.9258242845535278, -0.26839450001716614, 0.26610830426216125, -4.4794793128967285], [-0.10338272899389267, -0.8570584654808044, -0.5047403573989868, 103.48133850097656], [0.0, 0.0, 0.0, 1.0]], "f_middle.02.L": [[0.3366389572620392, 0.24778549373149872, -0.9084477424621582, 66.53085327148438], [0.9321915507316589, -0.223979189991951, 0.28434574604034424, -5.724930763244629], [-0.13301663100719452, -0.9425690770149231, -0.30638355016708374, 99.50426483154297], [0.0, 0.0, 0.0, 1.0]], "f_middle.03.L": [[0.3300917446613312, 0.2477860152721405, -0.9108468294143677, 67.43498229980469], [0.9342139363288879, -0.22397926449775696, 0.2776288390159607, -6.5421929359436035], [-0.1352183073759079, -0.9425687789916992, -0.3054187595844269, 96.06498718261719], [0.0, 0.0, 0.0, 1.0]], "f_ring.01.L": [[0.10225852578878403, 0.45520636439323425, -0.8844946026802063, 64.57563018798828], [0.97943514585495, -0.20153532922267914, 0.009514560922980309, -2.0826406478881836], [-0.17392581701278687, -0.8672778010368347, -0.46645376086235046, 103.03923034667969], [0.0, 0.0, 0.0, 1.0]], "f_ring.02.L": [[0.1003202274441719, 0.242139533162117, -0.9650409817695618, 66.59227752685547], [0.9843634963035583, -0.16530382633209229, 0.060852453112602234, -2.9754788875579834], [-0.14479020237922668, -0.9560558795928955, -0.25493666529655457, 99.19703674316406], [0.0, 0.0, 0.0, 1.0]], "f_ring.03.L": [[0.10563205927610397, 0.24213968217372894, -0.9644741415977478, 67.43411254882812], [0.9840137362480164, -0.16530393064022064, 0.06627123057842255, -3.550182819366455], [-0.14338445663452148, -0.9560561180114746, -0.2557300627231598, 95.87316131591797], [0.0, 0.0, 0.0, 1.0]], "f_pinky.01.L": [[-0.047513723373413086, 0.5354591608047485, -0.843223512172699, 64.0250244140625], [0.9910802841186523, -0.07995394617319107, -0.1066167801618576, 0.15892378985881805], [-0.12450800836086273, -0.8407679796218872, -0.5268840789794922, 103.0174789428711], [0.0, 0.0, 0.0, 1.0]], "f_pinky.02.L": [[-0.03849899768829346, 0.3601619303226471, -0.9320952892303467, 65.9371337890625], [0.9945778250694275, -0.07637056708335876, -0.07058914005756378, -0.12659068405628204], [-0.09660816937685013, -0.9297587871551514, -0.3552687168121338, 100.0151138305664], [0.0, 0.0, 0.0, 1.0]], "f_pinky.03.L": [[-0.032375361770391464, 0.36016178131103516, -0.9323281645774841, 67.012451171875], [0.9950200319290161, -0.07637056708335876, -0.06405435502529144, -0.3546045422554016], [-0.09427236020565033, -0.9297587275505066, -0.3558954894542694, 97.23919677734375], [0.0, 0.0, 0.0, 1.0]], "shoulder.R": [[0.44677355885505676, -0.881744921207428, -0.15139038860797882, -3.7819924354553223], [0.8946471214294434, 0.44033366441726685, 0.0755843073129654, 2.7603917121887207], [1.615463406778872e-05, -0.16920998692512512, 0.9855800271034241, 152.20127868652344], [0.0, 0.0, 0.0, 1.0]], "upper_arm_fk.R": [[-0.761282742023468, -0.644839882850647, -0.06804964691400528, -17.70016860961914], [0.02770831622183323, 0.0724993571639061, -0.9969837069511414, 9.710968971252441], [0.6478284597396851, -0.7608715891838074, -0.03732515126466751, 149.5303497314453], [0.0, 0.0, 0.0, 1.0]],