{"shoulder.L": [[0.4602125287055969, 0.8817448019981384, 0.1035877913236618, 3.781989812850952], [-0.8817446827888489, 0.4403333365917206, 0.16921105980873108, 2.7603960037231445], [0.10358788818120956, -0.16921107470989227, 0.9801207780838013, 152.20118713378906], [0.0, 0.0, 0.0, 1.0]], "shoulder.R": [[0.4602123498916626, -0.8817450404167175, -0.10358717292547226, -3.781996011734009], [0.8817449808120728, 0.44033369421958923, 0.16920989751815796, 2.7603983879089355], [-0.10358711332082748, -0.16920997202396393, 0.9801211357116699, 152.20130920410156], [0.0, 0.0, 0.0, 1.0]], "spine_fk": [[1.0, 1.1979558678376634e-07, -1.300788454727808e-07, 1.2988681419301429e-06], [-1.1979547309692862e-07, -0.08216895163059235, -0.9966182708740234, 0.16524827480316162], [-1.300789307379091e-07, 0.9966182708740234, -0.08216898888349533, 107.55630493164062], [0.0, 0.0, 0.0, 1.0]], "spine_fk.001": [[1.0, 1.1677396827280973e-07, -1.0884998147275837e-07, 3.547266715031583e-06], [-1.1677396827280973e-07, 0.0701541006565094, -0.9975361227989197, 1.5160155296325684], [-1.0884998147275837e-07, 0.9975361227989197, 0.07015413045883179, 126.76314544677734], [0.0, 0.0, 0.0, 1.0]], "spine_fk.002": [[1.0, 1.1883233952403316e-07, -1.023985660708604e-07, 3.547266715031583e-06], [-1.1883233952403316e-07, 0.14775137603282928, -0.9890244603157043, 1.5160155296325684], [-1.023985660708604e-07, 0.9890244603157043, 0.14775145053863525, 126.76314544677734], [0.0, 0.0, 0.0, 1.0]], "spine_fk.003": [[1.0, 1.2251082637249056e-07, -1.0602775546431076e-07, 5.141274868947221e-06], [-1.2251082637249056e-07, 0.1435011923313141, -0.9896500110626221, 3.4979419708251953], [-1.0602773414802869e-07, 0.9896500110626221, 0.14350126683712006, 140.02984619140625], [0.0, 0.0, 0.0, 1.0]], "torso": [[1.0, 0.0, 0.0, 6.494339572782337e-07], [0.0, 1.0, 0.0, 0.6107001304626465], [0.0, 0.0, 1.0, 102.15345764160156], [0.0, 0.0, 0.0, 1.0]], "upper_arm_fk.L": [[-0.6923693418502808, 0.644839882850647, 0.3237384557723999, 17.700225830078125], [-0.3662465810775757, 0.0724998190999031, -0.9276890158653259, 9.711003303527832], [-0.621681809425354, -0.7608717679977417, 0.18597355484962463, 149.53021240234375], [0.0, 0.0, 0.0, 1.0]], "forearm_fk.L": [[-0.6923694014549255, 0.7184914946556091, -0.06629564613103867, 37.26463317871094], [-0.3662460446357727, -0.4291152060031891, -0.8256655335426331, 11.910643577575684], [-0.6216821074485779, -0.5473854541778564, 0.5602506995201111, 126.44540405273438], [0.0, 0.0, 0.0, 1.0]], "hand_fk.L": [[-0.8329928517341614, 0.5459694266319275, 0.0896698385477066, 56.64604187011719], [-0.385270893573761, -0.4560542702674866, -0.8022350668907166, 0.33520033955574036], [-0.39710134267807007, -0.7028031349182129, 0.5902360081672668, 111.67960357666016], [0.0, 0.0, 0.0, 1.0]], "f_index.01.L": [[0.5337387323379517, 0.13244575262069702, -0.8352134227752686, 60.711669921875], [0.8142502903938293, -0.34712469577789307, 0.4652964770793915, -7.12230920791626], [-0.22829698026180267, -0.9284190535545349, -0.2931179404258728, 102.67655181884766], [0.0, 0.0, 0.0, 1.0]], "f_index.02.L": [[0.5536559820175171, -0.039465438574552536, -0.8318099975585938, 61.27953338623047], [0.8037051558494568, -0.23616355657577515, 0.5461544394493103, -8.610607147216797], [-0.2179976999759674, -0.9709113240242004, -0.09903495013713837, 98.69595336914062], [0.0, 0.0, 0.0, 1.0]], "f_index.03.L": [[0.5721915364265442, -0.03946538269519806, -0.8191701173782349, 61.14559555053711], [0.7912407517433167, -0.23616358637809753, 0.5640608668327332, -9.41209888458252], [-0.2157192826271057, -0.9709113240242004, -0.1039043441414833, 95.40087890625], [0.0, 0.0, 0.0, 1.0]], "f_middle.01.L": [[0.31927841901779175, 0.19366462528705597, -0.9276612997055054, 62.00868225097656], [0.9181499481201172, -0.3056034445762634, 0.25220516324043274, -4.86170768737793], [-0.2346533238887787, -0.9322559237480164, -0.27538561820983887, 101.87368774414062], [0.0, 0.0, 0.0, 1.0]], "f_middle.02.L": [[0.285371869802475, -0.014415686018764973, -0.9583085775375366, 62.9073600769043], [0.9235433340072632, -0.2631337344646454, 0.278977632522583, -6.279825210571289], [-0.25618502497673035, -0.9646519422531128, -0.06177735701203346, 97.54766082763672], [0.0, 0.0, 0.0, 1.0]], "f_middle.03.L": [[0.2784668803215027, -0.014415698125958443, -0.9603378176689148, 62.854759216308594], [0.9255274534225464, -0.2631334960460663, 0.2723230719566345, -7.239958763122559], [-0.2566227912902832, -0.9646520018577576, -0.05993172898888588, 94.02780151367188], [0.0, 0.0, 0.0, 1.0]], "f_pinky.01.L": [[-0.0824936181306839, 0.2895756661891937, -0.9535938501358032, 61.420921325683594], [0.9856939315795898, -0.11741048097610474, -0.12092426419258118, -0.24191570281982422], [-0.14697863161563873, -0.9499267935752869, -0.27574723958969116, 101.36548614501953], [0.0, 0.0, 0.0, 1.0]], "f_pinky.02.L": [[-0.06631123274564743, 0.09678100049495697, -0.9930946230888367, 62.454994201660156], [0.9902263283729553, -0.11600673943758011, -0.07742499560117722, -0.6611870527267456], [-0.12269894033670425, -0.9885219931602478, -0.0881425216794014, 97.97331237792969], [0.0, 0.0, 0.0, 1.0]], "f_pinky.03.L": [[-0.05978626012802124, 0.09678100049495697, -0.9935087561607361, 62.74394607543945], [0.9907135963439941, -0.11600679904222488, -0.07091864198446274, -1.0075404644012451], [-0.12211735546588898, -0.988521933555603, -0.0889466181397438, 95.0219497680664], [0.0, 0.0, 0.0, 1.0]], "f_ring.01.L": [[0.048480041325092316, 0.2055433988571167, -0.9774467349052429, 61.96430969238281], [0.9709376096725464, -0.23932377994060516, -0.002169113839045167, -2.485041618347168], [-0.23437201976776123, -0.9489346146583557, -0.21117211878299713, 101.3285903930664], [0.0, 0.0, 0.0, 1.0]], "f_ring.02.L": [[0.0544419065117836, -0.023674294352531433, -0.9982365369796753, 62.87490463256836], [0.9770337343215942, -0.20499825477600098, 0.05814744904637337, -3.5452895164489746], [-0.2060132622718811, -0.978476345539093, 0.011970201507210732, 97.1246337890625], [0.0, 0.0, 0.0, 1.0]], "f_ring.03.L": [[0.05993706360459328, -0.02367430552840233, -0.9979216456413269, 62.792598724365234], [0.9766988158226013, -0.20499837398529053, 0.06352581828832626, -4.257997035980225], [-0.20607617497444153, -0.978476345539093, 0.010835777036845684, 93.72280883789062], [0.0, 0.0, 0.0, 1.0]], "thumb.01.L": [[0.9166375398635864, -0.11619478464126587, 0.3824588656425476, 56.373069763183594], [-0.29157862067222595, -0.8488578796386719, 0.4409332573413849, -4.040060520172119], [0.273419052362442, -0.5156924724578857, -0.8119750022888184, 107.7374496459961], [0.0, 0.0, 0.0, 1.0]], "thumb.02.L": [[0.889483630657196, -0.1685623675584793, 0.42474231123924255, 55.923431396484375], [-0.4256120026111603, -0.6439597010612488, 0.6357438564300537, -7.324873447418213], [0.16635452210903168, -0.7462587952613831, -0.6445340514183044, 105.74188232421875], [0.0, 0.0, 0.0, 1.0]], "thumb.03.L": [[0.8704227805137634, -0.1685621738433838, 0.46254876255989075, 55.23870086669922], [-0.4525207281112671, -0.643960177898407, 0.616879403591156, -9.940746307373047], [0.19388054311275482, -0.7462583780288696, -0.6367957592010498, 102.71045684814453], [0.0, 0.0, 0.0, 1.0]], "upper_arm_fk.R": [[-0.6923694610595703, -0.6448399424552917, -0.32373741269111633, -17.70016860961914], [0.3662458062171936, 0.0724993571639061, -0.9276894330978394, 9.710977554321289], [0.6216819882392883, -0.760871410369873, 0.1859736144542694, 149.53036499023438], [0.0, 0.0, 0.0, 1.0]], "forearm_fk.R": [[-0.6923695802688599, -0.7184908390045166, 0.06629683822393417, -37.2646484375], [0.36624544858932495, -0.4291163682937622, -0.825665295124054, 11.910612106323242], [0.6216820478439331, -0.5473847985267639, 0.5602510571479797, 126.44548034667969], [0.0, 0.0, 0.0, 1.0]],