{"shoulder.L": [[-0.4467734098434448, 0.8817446827888489, -0.15139144659042358, 3.781989812850952], [0.894646942615509, 0.44033342599868774, -0.0755845457315445, 2.7603960037231445], [1.6286969184875488e-05, -0.16921105980873108, -0.9855796098709106, 152.20118713378906], [0.0, 0.0, 0.0, 1.0]], "shoulder.R": [[-0.4467737376689911, -0.8817451000213623, 0.15139055252075195, -3.781996011734009], [-0.8946470022201538, 0.44033369421958923, -0.07558382302522659, 2.7603983879089355], [-1.6689300537109375e-05, -0.16920994222164154, -0.985579788684845, 152.20130920410156], [0.0, 0.0, 0.0, 1.0]], "spine_fk": [[1.0, 1.1979558678376634e-07, -1.300788454727808e-07, 1.2988681419301429e-06], [-1.1979547309692862e-07, -0.08216895163059235, -0.9966182708740234, 0.16524827480316162], [-1.300789307379091e-07, 0.9966182708740234, -0.08216898888349533, 107.55630493164062], [0.0, 0.0, 0.0, 1.0]], "spine_fk.001": [[1.0, 1.1677396827280973e-07, -1.0884998147275837e-07, 3.547266715031583e-06], [-1.1677396827280973e-07, 0.0701541006565094, -0.9975361227989197, 1.5160155296325684], [-1.0884998147275837e-07, 0.9975361227989197, 0.07015413045883179, 126.76314544677734], [0.0, 0.0, 0.0, 1.0]], "spine_fk.002": [[1.0, 1.1883233952403316e-07, -1.023985660708604e-07, 3.547266715031583e-06], [-1.1883233952403316e-07, 0.14775137603282928, -0.9890244603157043, 1.5160155296325684], [-1.023985660708604e-07, 0.9890244603157043, 0.14775145053863525, 126.76314544677734], [0.0, 0.0, 0.0, 1.0]], "spine_fk.003": [[1.0, 1.2251082637249056e-07, -1.0602775546431076e-07, 5.141274868947221e-06], [-1.2251082637249056e-07, 0.1435011923313141, -0.9896500110626221, 3.4979419708251953], [-1.0602773414802869e-07, 0.9896500110626221, 0.14350126683712006, 140.02984619140625], [0.0, 0.0, 0.0, 1.0]], "torso": [[1.0, 0.0, 0.0, 6.494339572782337e-07], [0.0, 1.0, 0.0, 0.6107001304626465], [0.0, 0.0, 1.0, 102.15345764160156], [0.0, 0.0, 0.0, 1.0]], "upper_arm_fk.L": [[-0.692369282245636, 0.644839882850647, 0.32373809814453125, 17.700218200683594], [-0.3662463128566742, 0.07249969244003296, -0.9276891946792603, 9.711004257202148], [-0.6216819286346436, -0.760871410369873, 0.18597377836704254, 149.53021240234375], [0.0, 0.0, 0.0, 1.0]], "forearm_fk.L": [[-0.692369282245636, 0.7184913158416748, -0.06629553437232971, 37.264625549316406], [-0.3662461042404175, -0.42911508679389954, -0.8256656527519226, 11.910640716552734], [-0.6216820478439331, -0.547385036945343, 0.5602508187294006, 126.4454116821289], [0.0, 0.0, 0.0, 1.0]], "hand_fk.L": [[-0.6923694610595703, 0.7184911966323853, -0.06629545241594315, 56.64603805541992], [-0.36624598503112793, -0.4291151165962219, -0.8256658911705017, 0.335195392370224], [-0.6216820478439331, -0.5473853945732117, 0.5602506399154663, 111.67961883544922], [0.0, 0.0, 0.0, 1.0]], "f_index.01.L": [[0.5691726803779602, 0.38012075424194336, -0.7290753722190857, 63.0423583984375], [0.8210585713386536, -0.3098383843898773, 0.4794403910636902, -6.766393661499023], [-0.04365028068423271, -0.8714981079101562, -0.4884530007839203, 103.81493377685547], [0.0, 0.0, 0.0, 1.0]], "f_index.02.L": [[0.5856638550758362, 0.22513671219348907, -0.778659999370575, 64.67212677001953], [0.8100423216819763, -0.1966976374387741, 0.5523961186408997, -8.094826698303223], [-0.028795944526791573, -0.9542662501335144, -0.29756900668144226, 100.07838439941406], [0.0, 0.0, 0.0, 1.0]], "f_index.03.L": [[0.6029980778694153, 0.22513671219348907, -0.7653149366378784, 65.43619537353516], [0.7974361777305603, -0.1966976374387741, 0.5704432129859924, -8.762378692626953], [-0.022107912227511406, -0.9542663097381592, -0.2981405258178711, 96.83979797363281], [0.0, 0.0, 0.0, 1.0]], "f_middle.01.L": [[0.36353978514671326, 0.4397900700569153, -0.8212332725524902, 64.4900894165039], [0.9258246421813965, -0.26839473843574524, 0.2661081850528717, -4.479483604431152], [-0.10338284820318222, -0.8570589423179626, -0.504740297794342, 103.4813232421875], [0.0, 0.0, 0.0, 1.0]], "f_middle.02.L": [[0.3366389274597168, 0.24778524041175842, -0.9084476828575134, 66.5308837890625], [0.9321916699409485, -0.22397930920124054, 0.2843458950519562, -5.72493839263916], [-0.1330166906118393, -0.9425691366195679, -0.3063831627368927, 99.50424194335938], [0.0, 0.0, 0.0, 1.0]], "f_middle.03.L": [[0.3300914466381073, 0.24778524041175842, -0.9108471870422363, 67.43501281738281], [0.934214174747467, -0.22397907078266144, 0.27762895822525024, -6.542203426361084], [-0.1352182775735855, -0.9425691366195679, -0.3054177761077881, 96.06495666503906], [0.0, 0.0, 0.0, 1.0]], "f_pinky.01.L": [[-0.04751385375857353, 0.5354589819908142, -0.8432236909866333, 64.02506256103516], [0.9910803437232971, -0.07995402812957764, -0.10661713033914566, 0.15892554819583893], [-0.12450820207595825, -0.8407683968544006, -0.5268839001655579, 103.01746368408203], [0.0, 0.0, 0.0, 1.0]], "f_pinky.02.L": [[-0.038498975336551666, 0.36016154289245605, -0.9320952892303467, 65.93717956542969], [0.9945777654647827, -0.07637052237987518, -0.07058924436569214, -0.12658926844596863], [-0.09660810977220535, -0.9297587871551514, -0.3552684485912323, 100.01509094238281], [0.0, 0.0, 0.0, 1.0]], "f_pinky.03.L": [[-0.03237529098987579, 0.36016157269477844, -0.9323281049728394, 67.01248931884766], [0.9950199723243713, -0.07637057453393936, -0.0640544593334198, -0.35460352897644043], [-0.09427236765623093, -0.9297586679458618, -0.355895459651947, 97.23917388916016], [0.0, 0.0, 0.0, 1.0]], "f_ring.01.L": [[0.10225845873355865, 0.4552063047885895, -0.8844946026802063, 64.5756607055664], [0.9794350862503052, -0.20153526961803436, 0.009514483623206615, -2.0826427936553955], [-0.1739257574081421, -0.8672780394554138, -0.4664536416530609, 103.0392074584961], [0.0, 0.0, 0.0, 1.0]], "f_ring.02.L": [[0.10032030940055847, 0.24213948845863342, -0.9650412201881409, 66.5923080444336], [0.9843635559082031, -0.16530387103557587, 0.06085251271724701, -2.9754810333251953], [-0.1447901874780655, -0.9560562968254089, -0.254936546087265, 99.19700622558594], [0.0, 0.0, 0.0, 1.0]], "f_ring.03.L": [[0.10563203692436218, 0.24213947355747223, -0.9644742608070374, 67.43414306640625], [0.9840136170387268, -0.1653040498495102, 0.06627118587493896, -3.550185203552246], [-0.14338456094264984, -0.9560562968254089, -0.2557298243045807, 95.87313079833984], [0.0, 0.0, 0.0, 1.0]], "thumb.01.L": [[0.811450183391571, 0.03346061334013939, 0.5834630727767944, 57.47803497314453], [-0.3053342401981354, -0.8269955515861511, 0.4720698297023773, -3.8766465187072754], [0.49831682443618774, -0.5612125396728516, -0.6608489155769348, 107.63905334472656], [0.0, 0.0, 0.0, 1.0]], "thumb.02.L": [[0.815152108669281, 0.04349803924560547, 0.57761150598526, 57.60751724243164], [-0.4348534941673279, -0.6127992272377014, 0.6598333120346069, -7.076857566833496], [0.3826611638069153, -0.7890408635139465, -0.48060932755470276, 105.46733856201172], [0.0, 0.0, 0.0, 1.0]], "thumb.03.L": [[0.789594829082489, 0.04349811002612114, 0.6120850443840027, 57.78421401977539], [-0.46278834342956543, -0.6127995848655701, 0.6405497193336487, -9.566149711608887], [0.4029480218887329, -0.7890404462814331, -0.463733047246933, 102.26212310791016], [0.0, 0.0, 0.0, 1.0]], "upper_arm_fk.R": [[-0.6923694610595703, -0.6448398232460022, -0.3237375020980835, -17.700162887573242], [0.3662457764148712, 0.0724993348121643, -0.9276893734931946, 9.710975646972656], [0.6216819286346436, -0.7608714699745178, 0.185973659157753, 149.53036499023438], [0.0, 0.0, 0.0, 1.0]], "forearm_fk.R": [[-0.6923696398735046, -0.7184906601905823, 0.06629699468612671, -37.26464080810547], [0.36624521017074585, -0.42911648750305176, -0.825665295124054, 11.91061019897461], [0.6216820478439331, -0.5473847389221191, 0.5602512359619141, 126.44548034667969], [0.0, 0.0, 0.0, 1.0]],